Strategy,Total Return,Ann. Return,Ann. Volatility,Sharpe Ratio,Sortino Ratio,Max Drawdown,Calmar Ratio,Win Rate,Avg Turnover,Beta,Alpha,Info Ratio
black_litterman,58.20478501032829,0.5269968541748049,0.3208218407582979,1.5179666478558131,2.066392715972561,-0.48748486421794196,1.0810527523151943,0.5614389652384802,0.020132776460636128,-0.016345983362464015,0.48880217946263954,0.8615594389615107
markowitz,35.17569681570599,0.44694288464970433,0.3126618037139101,1.3015433283371662,1.7766061080506717,-0.4723649305074951,0.9461813436690186,0.5606305578011318,0.010425363973642961,-0.009592367220238563,0.40800230963068523,0.7234621247559929
equal_weight,24.162628657642962,0.38914149309604684,0.28895671374268783,1.208283028187235,1.6016395144615063,-0.49377638264303964,0.7880925592534155,0.5622473726758286,0.0004042037186742119,-0.028365068812088435,0.35227426124355543,0.623106686573057
spy_benchmark,3.032407655360112,0.15013626644502476,0.18009073324869324,0.611559875726276,0.7342029858754906,-0.3371726255744885,0.44528011783049243,0.5553343949044586,0.0,0.9999999999999998,2.7755575615628914e-17,0.0
